"KRZAST","KSTRANA","PORCISLO","TITULPRED","JMENO","PRIJMENI","TITULZA","JMENOFULL","VEK","ZENY","TITUL","POVOLANI","BYDLISTEK","BYDLISTEN","NSTRANA","VSTRANA","NAZEVCELK","ZKRATKAK30","ZKRATKAK8","SLOZENI","POCHLASU","PROCHLASU","MANDAT","PORADIMAND","PORADINAHR"
1,33,1,"Mgr.","MARTIN","KUPKA","","Mgr. MARTIN KUPKA",44,FALSE,TRUE,"starosta, poslanec PČR",538442,"Líbeznice",53,53,"OBČANSKÁ DEMOKRATICKÁ STRANA","OBČANSKÁ DEMOKRATICKÁ STRANA","ODS","053",13434,16.24,"A",1,0
1,7,2,"Mgr.","VÍT","RAKUŠAN","","Mgr. VÍT RAKUŠAN",42,FALSE,TRUE,"poslanec, středoškolský učitel",533165,"Kolín",166,166,"STAROSTOVÉ A NEZÁVISLÍ","STAROSTOVÉ A NEZÁVISLÍ","STAN","166",12243,13.17,"A",1,0
10,12,1,"Mgr.","JAN","GROLICH","","Mgr. JAN GROLICH",36,FALSE,TRUE,"starosta obce",584096,"Velatice",1,1,"KDU-ČSL","KDU-ČSL","KDU-ČSL","001",12172,21.57,"A",1,0
6,20,1,"","MARTIN","PŮTA","","MARTIN PŮTA",49,FALSE,FALSE,"hejtman LB kraje, starosta Hrádku n. N. 2002-2012",564095,"Hrádek nad Nisou",703,703,"STAROSTOVÉ PRO LIBERECKÝ KRAJ","STAROSTOVÉ PRO LIBERECKÝ KRAJ","SLK","703",11363,21.22,"A",1,0
13,50,1,"prof. Ing.","IVO","VONDRÁK","CSc.","prof. Ing. IVO VONDRÁK CSc.",61,FALSE,TRUE,"hejtman",510882,"Velká Polom",768,768,"ANO 2011","ANO 2011","ANO","768",9927,10.41,"A",1,0
12,12,1,"","JIŘÍ","ČUNEK","","JIŘÍ ČUNEK",61,FALSE,FALSE,"hejtman Zlínského kraje, senátor",541630,"Vsetín",1,1,"KDU-ČSL","KDU-ČSL","KDU-ČSL","001",9083,25.38,"A",1,0
1,7,1,"Mgr.","PETRA","PECKOVÁ","","Mgr. PETRA PECKOVÁ",44,TRUE,TRUE,"starostka, žurnalistka, novinářka",538493,"Mnichovice",166,166,"STAROSTOVÉ A NEZÁVISLÍ","STAROSTOVÉ A NEZÁVISLÍ","STAN","166",8473,9.12,"A",2,0
11,64,1,"Ing.","MARIAN","JUREČKA","","Ing. MARIAN JUREČKA",39,FALSE,TRUE,"poslanec PČR, zemědělec, krajský zastupitel",517607,"Rokytnice",1,1450,"SPOJENCI - KOALICE PRO OLOMOUCKÝ KRAJ (KDU-ČSL, TOP 09, STRANA ZELENÝCH, PROOLOMOUC)","SPOJENCI PRO OLOMOUCKÝ KRAJ","KDU+Z+TOP+PROOL","001,005,721,1039",8129,23.54,"A",1,0
8,30,1,"JUDr.","MARTIN","NETOLICKÝ","Ph.D.","JUDr. MARTIN NETOLICKÝ Ph.D.",38,FALSE,TRUE,"hejtman Pardubického kraje, vysokoškolský učitel",580031,"Česká Třebová",7,1468,"3PK - PRO PROSPERUJÍCÍ PARDUBICKÝ KRAJ","3PK-PRO PROSPERUJÍCÍ PARD. KR.","ČSSD+SPROK","007,1228",6777,27.62,"A",1,0
11,50,1,"","LADISLAV","OKLEŠTĚK","","LADISLAV OKLEŠTĚK",59,FALSE,FALSE,"hejtman Olomouckého kraje",589250,"Prostějov",768,768,"ANO 2011","ANO 2011","ANO","768",6759,13.35,"A",1,0
2,33,1,"MUDr.","MARTIN","KUBA","","MUDr. MARTIN KUBA",47,FALSE,TRUE,"podnikatel, zakladatel NF Jihočeské naděje",544256,"České Budějovice",53,53,"OBČANSKÁ DEMOKRATICKÁ STRANA","OBČANSKÁ DEMOKRATICKÁ STRANA","ODS","053",6122,17.56,"A",1,0
7,73,1,"brig. gen. v. v. Mgr.","MARTIN","ČERVÍČEK","","brig. gen. v. v. Mgr. MARTIN ČERVÍČEK",48,FALSE,TRUE,"senátor, 1. náměstek hejtmana KHK",574643,"Vysokov",53,1454,"OBČANSKÁ DEMOKRATICKÁ STRANA + STAROSTOVÉ A NEZÁVISLÍ A VÝCHODOČEŠI","KOALICE ODS, STAN, VČ","ODS+STAN+VČ","053,166,770",5020,12.04,"A",1,0
10,50,1,"JUDr.","BOHUMIL","ŠIMEK","","JUDr. BOHUMIL ŠIMEK",61,FALSE,TRUE,"hejtman Jihomoravského kraje",3,"Brno",768,768,"ANO 2011","ANO 2011","ANO","768",4585,6.39,"A",1,0
1,50,1,"Ing.","JAROSLAVA","POKORNÁ JERMANOVÁ","","Ing. JAROSLAVA POKORNÁ JERMANOVÁ",50,TRUE,TRUE,"hejtmanka Středočeského kraje",529303,"Benešov",768,768,"ANO 2011","ANO 2011","ANO","768",4553,5.86,"A",1,0
10,12,21,"Ing.","STANISLAV","JURÁNEK","","Ing. STANISLAV JURÁNEK",64,FALSE,TRUE,"poslanec",3,"Brno",1,1,"KDU-ČSL","KDU-ČSL","KDU-ČSL","001",4413,7.82,"A",2,0
3,58,1,"Ing.","JOSEF","BERNARD","","Ing. JOSEF BERNARD",55,FALSE,TRUE,"ekonom, hejtman Plzeňského kraje 2016-2020",539741,"Štěnovický Borek",166,1475,"STAROSTOVÉ (STAN) S JOSEFEM BERNARDEM A PODPOROU ZELENÝCH, PRO PLZEŇ A IDEALISTŮ","STAN,ZELENÍ,PRO PLZEŇ","STAN+Z+PROPLZEŇ","005,166,1014",4123,15.93,"A",1,0
6,20,8,"Ing.","MICHAEL","CANOV","","Ing. MICHAEL CANOV",59,FALSE,TRUE,"senátor Parlamentu ČR, starosta Chrastavy",564117,"Chrastava",703,703,"STAROSTOVÉ PRO LIBERECKÝ KRAJ","STAROSTOVÉ PRO LIBERECKÝ KRAJ","SLK","703",3997,7.46,"A",2,0
9,45,1,"MUDr.","JIŘÍ","BĚHOUNEK","","MUDr. JIŘÍ BĚHOUNEK",68,FALSE,TRUE,"lékař, hejtman",547492,"Pelhřimov",7,7,"ČESKÁ STRANA SOCIÁLNĚ DEMOKRATICKÁ","ČESKÁ STR.SOCIÁLNĚ DEMOKRAT.","ČSSD","007",3898,20.6,"A",1,0
5,16,3,"","JAROSLAV","FOLDYNA","","JAROSLAV FOLDYNA",60,FALSE,FALSE,"poslanec",562335,"Děčín",1114,1114,"SVOBODA A PŘÍMÁ DEMOKRACIE (SPD)","SVOBODA A PŘ. DEMOKRACIE (SPD)","SPD","1114",3753,20.99,"A",1,0
12,45,1,"MUDr.","OLGA","SEHNALOVÁ","MBA","MUDr. OLGA SEHNALOVÁ MBA",51,TRUE,TRUE,"lékařka, zastupitelka města Kroměříže",588296,"Kroměříž",7,7,"ČESKÁ STRANA SOCIÁLNĚ DEMOKRATICKÁ","ČESKÁ STR.SOCIÁLNĚ DEMOKRAT.","ČSSD","007",3606,22.2,"A",1,0
10,44,7,"Mgr.","MICHAL","DOLEŽEL","","Mgr. MICHAL DOLEŽEL",34,FALSE,TRUE,"člen Sokola, zastupitel Jihomoravského kraje",3,"Brno",721,1467,"SPOLU PRO MORAVU","SPOLU PRO MORAVU","TOP+Z+LES+MZH+I","005,721,795,1190,1233",3595,14.95,"A",1,0
2,45,1,"Mgr.","IVANA","STRÁSKÁ","","Mgr. IVANA STRÁSKÁ",68,TRUE,TRUE,"hejtmanka Jihočeského kraje",549576,"Milevsko",7,7,"ČESKÁ STRANA SOCIÁLNĚ DEMOKRATICKÁ","ČESKÁ STR.SOCIÁLNĚ DEMOKRAT.","ČSSD","007",3569,20.51,"A",1,0
8,17,1,"Ing.","ROMAN","LÍNEK","MBA","Ing. ROMAN LÍNEK MBA",56,FALSE,TRUE,"1. náměstek hejtmana Pardubického kraje",6,"Pardubice",1,344,"KOALICE PRO PARDUBICKÝ KRAJ","KOALICE PRO PARDUBICKÝ KRAJ","KDU+SNKED+NESTR","001,129,181",3561,15.98,"A",1,0
3,74,16,"Mgr.","MARTIN","BAXA","","Mgr. MARTIN BAXA",45,FALSE,TRUE,"primátor města Plzně, poslanec PS PČR, učitel",2,"Plzeň",53,687,"OBČANSKÁ DEMOKRATICKÁ STRANA S PODPOROU TOP 09 A NEZÁVISLÝCH STAROSTŮ","ODS S PODP.TOP 09 A NEZ.STAR.","ODS+TOP 09","053,721",3373,9.14,"A",1,0
9,46,31,"RNDr.","MILOŠ","VYSTRČIL","","RNDr. MILOŠ VYSTRČIL",60,FALSE,TRUE,"předseda Senátu Parlamentu České republiky",588024,"Telč",53,1447,"ODS A STAROSTOVÉ PRO OBČANY","ODS A STAROSTOVÉ PRO OBČANY","ODS+STO","053,779",3277,15.57,"A",1,0
9,12,1,"MUDr.","VÍT","KAŇKOVSKÝ","","MUDr. VÍT KAŇKOVSKÝ",50,FALSE,TRUE,"ortoped, poslanec",588032,"Třešť",1,1,"KDU-ČSL","KDU-ČSL","KDU-ČSL","001",3265,17.11,"A",1,0
13,12,1,"Mgr. et Mgr.","LUKÁŠ","CURYLO","","Mgr. et Mgr. LUKÁŠ CURYLO",46,FALSE,TRUE,"1.náměstek hejtmana MS kraje, ředitel Charity",4,"Ostrava",1,1,"KDU-ČSL","KDU-ČSL","KDU-ČSL","001",3195,10.58,"A",1,0
4,50,2,"Mgr.","JANA","MRAČKOVÁ VILDUMETZOVÁ","","Mgr. JANA MRAČKOVÁ VILDUMETZOVÁ",47,TRUE,TRUE,"poslankyně Parlamentu České republiky",554961,"Karlovy Vary",768,768,"ANO 2011","ANO 2011","ANO","768",3194,16.14,"A",1,0
7,4,1,"PhDr.","JIŘÍ","ŠTĚPÁN","Ph.D.","PhDr. JIŘÍ ŠTĚPÁN Ph.D.",41,FALSE,TRUE,"hejtman kraje, vysokoškolský pedagog",569810,"Hradec Králové",7,227,"SPOLU PRO KRAJ - OSOBNOSTI KRAJE, ČSSD A ZELENÍ","KOALICE ČSSD, ZELENÍ","ČSSD + ZELENÍ","005,007",3167,20.13,"A",1,0
13,29,1,"Ing.","JAKUB","UNUCKA","MBA","Ing. JAKUB UNUCKA MBA",51,FALSE,TRUE,"náměstek hejtmana",599549,"Klimkovice",53,687,"OBČANSKÁ DEMOKRATICKÁ STRANA S PODPOROU TOP 09","KOALICE ODS A TOP 09","ODS+TOP 09","053,721",3149,7.21,"A",1,0
2,33,13,"RNDr.","JAN","ZAHRADNÍK","","RNDr. JAN ZAHRADNÍK",71,FALSE,TRUE,"poslanec Parlamentu ČR",544256,"České Budějovice",53,53,"OBČANSKÁ DEMOKRATICKÁ STRANA","OBČANSKÁ DEMOKRATICKÁ STRANA","ODS","053",3033,8.7,"A",2,0
3,74,1,"doc. PaedDr.","ILONA","MAURITZOVÁ","Ph.D.","doc. PaedDr. ILONA MAURITZOVÁ Ph.D.",60,TRUE,TRUE,"poslankyně PS PČR, emeritní rektorka ZČU v Plzni",2,"Plzeň",53,687,"OBČANSKÁ DEMOKRATICKÁ STRANA S PODPOROU TOP 09 A NEZÁVISLÝCH STAROSTŮ","ODS S PODP.TOP 09 A NEZ.STAR.","ODS+TOP 09","053,721",3023,8.19,"A",2,0
2,53,1,"Mgr.","FRANTIŠEK","TALÍŘ","","Mgr. FRANTIŠEK TALÍŘ",27,FALSE,TRUE,"historik a moderátor",545872,"Zubčice",1,1058,"TOP 09 A KDU-ČSL - SPOLEČNĚ PRO JIŽNÍ ČECHY","TOP 09 A KDU-ČSL - SPOL.PRO JČ","KDU-ČSL+TOP 09","001,721",2972,14.28,"A",1,0
5,33,1,"PaedDr.","JIŘÍ","KULHÁNEK","","PaedDr. JIŘÍ KULHÁNEK",58,FALSE,TRUE,"starosta města Kadaň",563102,"Kadaň",53,53,"OBČANSKÁ DEMOKRATICKÁ STRANA","OBČANSKÁ DEMOKRATICKÁ STRANA","ODS","053",2962,11.97,"A",1,0
8,50,1,"Ing.","MARTIN","KOLOVRATNÍK","","Ing. MARTIN KOLOVRATNÍK",45,FALSE,TRUE,"poslanec Parlamentu České republiky",555134,"Pardubice",768,768,"ANO 2011","ANO 2011","ANO","768",2936,9.01,"A",1,0
10,44,2,"Ing.","JANA","DRÁPALOVÁ","","Ing. JANA DRÁPALOVÁ",57,TRUE,TRUE,"starostka MČ Brno-Nový Lískovec",3,"Brno",5,1467,"SPOLU PRO MORAVU","SPOLU PRO MORAVU","TOP+Z+LES+MZH+I","005,721,795,1190,1233",2860,11.89,"A",2,0
12,50,1,"Ing.","RADIM","HOLIŠ","","Ing. RADIM HOLIŠ",45,FALSE,TRUE,"starosta města Rožnov pod Radhoštěm",544841,"Rožnov pod Radhoštěm",768,768,"ANO 2011","ANO 2011","ANO","768",2857,7.79,"A",1,0
10,51,4,"Mgr. Ing.","DRAGO","SUKALOVSKÝ","","Mgr. Ing. DRAGO SUKALOVSKÝ",58,FALSE,TRUE,"starosta Kuřimi, krajský zastupitel",583251,"Kuřim",166,1457,"STAROSTOVÉ PRO JIŽNÍ MORAVU","STAROSTOVÉ PRO JIŽNÍ MORAVU","STAN+SOL","166,1031",2837,7.51,"A",1,0
7,32,1,"MVDr.","PAVEL","BĚLOBRÁDEK","Ph.D., MPA","MVDr. PAVEL BĚLOBRÁDEK Ph.D., MPA",43,FALSE,TRUE,"poslanec PČR",573868,"Náchod",1,1455,"KOALICE PRO KRÁLOVÉHRADECKÝ KRAJ - KDU-ČSL - VPM - NESTRANÍCI","KOALICE KDU-ČSL, VPM, NESTRAN.","KDU+VPM+NESTR.","001,113,181",2798,18.98,"A",1,0
12,45,10,"MVDr.","STANISLAV","MIŠÁK","","MVDr. STANISLAV MIŠÁK",67,FALSE,TRUE,"starosta Otrokovic v letech 1994 - 2006",585599,"Otrokovice",7,7,"ČESKÁ STRANA SOCIÁLNĚ DEMOKRATICKÁ","ČESKÁ STR.SOCIÁLNĚ DEMOKRAT.","ČSSD","007",2792,17.19,"A",2,0
7,73,3,"JUDr. Ing.","RUDOLF","COGAN","Ph.D.","JUDr. Ing. RUDOLF COGAN Ph.D.",49,FALSE,TRUE,"právník a ekonom, radní kraje pro finance a IT",573248,"Nová Paka",166,1454,"OBČANSKÁ DEMOKRATICKÁ STRANA + STAROSTOVÉ A NEZÁVISLÍ A VÝCHODOČEŠI","KOALICE ODS, STAN, VČ","ODS+STAN+VČ","053,166,770",2625,6.29,"A",2,0
12,7,1,"Mgr.","PETR","GAZDÍK","","Mgr. PETR GAZDÍK",46,FALSE,TRUE,"učitel, poslanec",592641,"Suchá Loz",166,166,"STAROSTOVÉ A NEZÁVISLÍ","STAROSTOVÉ A NEZÁVISLÍ","STAN","166",2619,10.73,"A",1,0
13,12,7,"Mgr.","MONIKA","BRZESKOVÁ","","Mgr. MONIKA BRZESKOVÁ",43,TRUE,TRUE,"starostka města Kravaře",507580,"Kravaře",1,1,"KDU-ČSL","KDU-ČSL","KDU-ČSL","001",2617,8.66,"A",2,0
10,51,1,"Mgr.","FRANTIŠEK","LUKL","MPA","Mgr. FRANTIŠEK LUKL MPA",42,FALSE,TRUE,"starosta Kyjova, předseda Svazu měst a obcí ČR",586307,"Kyjov",166,1457,"STAROSTOVÉ PRO JIŽNÍ MORAVU","STAROSTOVÉ PRO JIŽNÍ MORAVU","STAN+SOL","166,1031",2598,6.88,"A",2,0
5,7,7,"Ing.","ZBYNĚK","LINHART","","Ing. ZBYNĚK LINHART",51,FALSE,TRUE,"senátor za obvod Děčín, místostarosta města",562611,"Krásná Lípa",166,166,"STAROSTOVÉ A NEZÁVISLÍ","STAROSTOVÉ A NEZÁVISLÍ","STAN","166",2581,11.55,"A",1,0
7,73,8,"Mgr.","IVAN","ADAMEC","","Mgr. IVAN ADAMEC",60,FALSE,TRUE,"poslanec PS PČR, starosta města Trutnov",579025,"Trutnov",53,1454,"OBČANSKÁ DEMOKRATICKÁ STRANA + STAROSTOVÉ A NEZÁVISLÍ A VÝCHODOČEŠI","KOALICE ODS, STAN, VČ","ODS+STAN+VČ","053,166,770",2497,5.99,"A",3,0
11,64,5,"Mgr.","IVO","SLAVOTÍNEK","","Mgr. IVO SLAVOTÍNEK",44,FALSE,TRUE,"místostarosta města, krajský zastupitel",505609,"Velká Bystřice",1,1450,"SPOJENCI - KOALICE PRO OLOMOUCKÝ KRAJ (KDU-ČSL, TOP 09, STRANA ZELENÝCH, PROOLOMOUC)","SPOJENCI PRO OLOMOUCKÝ KRAJ","KDU+Z+TOP+PROOL","001,005,721,1039",2453,7.1,"A",2,0
3,50,1,"Mgr.","ROMAN","ZARZYCKÝ","","Mgr. ROMAN ZARZYCKÝ",43,FALSE,TRUE,"1. náměstek primátora města Plzně",2,"Plzeň",768,768,"ANO 2011","ANO 2011","ANO","768",2436,6.23,"A",1,0
13,12,2,"Bc.","JIŘÍ","NAVRÁTIL","MBA","Bc. JIŘÍ NAVRÁTIL MBA",43,FALSE,TRUE,"náměst.hejtmana MS kraje,místostarosta obce Mořkov",599689,"Mořkov",1,1,"KDU-ČSL","KDU-ČSL","KDU-ČSL","001",2402,7.95,"A",3,0
10,44,1,"Ing.","JAN","VITULA","","Ing. JAN VITULA",51,FALSE,TRUE,"starosta Židlochovic, náměstek hejtmana JMK",584282,"Židlochovice",721,1467,"SPOLU PRO MORAVU","SPOLU PRO MORAVU","TOP+Z+LES+MZH+I","005,721,795,1190,1233",2394,9.95,"A",3,0
13,29,3,"Mgr.","STANISLAV","FOLWARCZNY","","Mgr. STANISLAV FOLWARCZNY",57,FALSE,TRUE,"náměstek hejtmana",598933,"Český Těšín",53,687,"OBČANSKÁ DEMOKRATICKÁ STRANA S PODPOROU TOP 09","KOALICE ODS A TOP 09","ODS+TOP 09","053,721",2310,5.29,"A",2,0
13,19,1,"Mgr.","ZUZANA","KLUSOVÁ","","Mgr. ZUZANA KLUSOVÁ",35,TRUE,TRUE,"mediál.konzult.a čl.ved.spolku S.O.S. Karviná,z.s.",598917,"Karviná",720,720,"ČESKÁ PIRÁTSKÁ STRANA","ČESKÁ PIRÁTSKÁ STRANA","PIRÁTI","720",2284,6.1,"A",1,0
11,64,16,"RNDr. Mgr.","FRANTIŠEK","JOHN","Ph.D.","RNDr. Mgr. FRANTIŠEK JOHN Ph.D.",42,FALSE,TRUE,"starosta města, krajský zastupitel",541354,"Zábřeh",1,1450,"SPOJENCI - KOALICE PRO OLOMOUCKÝ KRAJ (KDU-ČSL, TOP 09, STRANA ZELENÝCH, PROOLOMOUC)","SPOJENCI PRO OLOMOUCKÝ KRAJ","KDU+Z+TOP+PROOL","001,005,721,1039",2277,6.59,"A",3,0
3,74,4,"MUDr.","RICHARD","PIKNER","Ph.D.","MUDr. RICHARD PIKNER Ph.D.",48,FALSE,TRUE,"primář klatovské nemocnice, VŠ učitel LF UK a ZČU",557846,"Chválenice",721,687,"OBČANSKÁ DEMOKRATICKÁ STRANA S PODPOROU TOP 09 A NEZÁVISLÝCH STAROSTŮ","ODS S PODP.TOP 09 A NEZ.STAR.","ODS+TOP 09","053,721",2265,6.13,"A",3,0
8,17,4,"Ing.","PAVEL","ŠOTOLA","","Ing. PAVEL ŠOTOLA",49,FALSE,TRUE,"člen Rady Pard. kraje, zastupitel města Hlinska",571393,"Hlinsko",1,344,"KOALICE PRO PARDUBICKÝ KRAJ","KOALICE PRO PARDUBICKÝ KRAJ","KDU+SNKED+NESTR","001,129,181",2246,10.08,"A",2,0
12,12,2,"","JOSEF","BAZALA","","JOSEF BAZALA",60,FALSE,FALSE,"starosta města",550752,"Staré Město",1,1,"KDU-ČSL","KDU-ČSL","KDU-ČSL","001",2231,6.23,"A",2,0
3,74,2,"Mgr.","RUDOLF","SALVETR","","Mgr. RUDOLF SALVETR",56,FALSE,TRUE,"starosta města Klatovy, předseda SMO Plzeň. kraje",555771,"Klatovy",53,687,"OBČANSKÁ DEMOKRATICKÁ STRANA S PODPOROU TOP 09 A NEZÁVISLÝCH STAROSTŮ","ODS S PODP.TOP 09 A NEZ.STAR.","ODS+TOP 09","053,721",2188,5.93,"A",4,0
6,50,1,"Ing.","JITKA","VOLFOVÁ","","Ing. JITKA VOLFOVÁ",51,TRUE,TRUE,"starostka města Č. Lípa, st. náměstkyně hejtmana",561380,"Česká Lípa",768,768,"ANO 2011","ANO 2011","ANO","768",2161,8.71,"A",1,0
13,45,1,"Ing.","PETR","KAJNAR","","Ing. PETR KAJNAR",64,FALSE,TRUE,"bývalý primátor města Ostrava, OSVČ",598143,"Frýdlant nad Ostravicí",7,7,"ČESKÁ STRANA SOCIÁLNĚ DEMOKRATICKÁ","ČESKÁ STR.SOCIÁLNĚ DEMOKRAT.","ČSSD","007",2113,9.63,"A",1,0
11,21,7,"Ing.","RADIM","SRŠEŇ","Ph.D.","Ing. RADIM SRŠEŇ Ph.D.",40,FALSE,TRUE,"vysokoškolský učitel, starosta, krajský zastupitel",553379,"Dolní Studénky",166,1350,"PIRÁTI A STAROSTOVÉ","PIRÁTI A STAROSTOVÉ","PIRÁTI A STAN","166,720",2060,5.63,"A",1,0
9,46,1,"Mgr.","VÍTĚZSLAV","SCHREK","","Mgr. VÍTĚZSLAV SCHREK",50,FALSE,TRUE,"ředitel domova pro seniory",586846,"Jihlava",53,1447,"ODS A STAROSTOVÉ PRO OBČANY","ODS A STAROSTOVÉ PRO OBČANY","ODS+STO","053,779",1994,9.47,"A",2,0
13,12,9,"Ing.","JIŘÍ","CARBOL","","Ing. JIŘÍ CARBOL",61,FALSE,TRUE,"starosta obce Dobrá, senátor",598089,"Dobrá",1,1,"KDU-ČSL","KDU-ČSL","KDU-ČSL","001",1979,6.55,"A",4,0
4,50,1,"Mgr.","PETR","KUBIS","","Mgr. PETR KUBIS",51,FALSE,TRUE,"hejtman Karlovarského kraje",560286,"Sokolov",768,768,"ANO 2011","ANO 2011","ANO","768",1975,9.98,"A",2,0
3,74,8,"PhDr.","MAREK","ŽENÍŠEK","Ph.D.","PhDr. MAREK ŽENÍŠEK Ph.D.",41,FALSE,TRUE,"výkonný ředitel think-tanku TOPAZ, politolog",2,"Plzeň",721,687,"OBČANSKÁ DEMOKRATICKÁ STRANA S PODPOROU TOP 09 A NEZÁVISLÝCH STAROSTŮ","ODS S PODP.TOP 09 A NEZ.STAR.","ODS+TOP 09","053,721",1957,5.3,"A",5,0
13,12,8,"Ing.","BOHUSLAV","NIEMIEC","","Ing. BOHUSLAV NIEMIEC",38,FALSE,TRUE,"nám.primátora stat.m. Havířova, středoškol.učitel",555088,"Havířov",1,1,"KDU-ČSL","KDU-ČSL","KDU-ČSL","001",1929,6.38,"A",5,0
8,30,5,"","PETR","FIALA","","PETR FIALA",51,FALSE,FALSE,"starosta města Letohrad, předs. Sdruž.obcí Orlicko",580538,"Letohrad",1228,1468,"3PK - PRO PROSPERUJÍCÍ PARDUBICKÝ KRAJ","3PK-PRO PROSPERUJÍCÍ PARD. KR.","ČSSD+SPROK","007,1228",1874,7.63,"A",2,0
8,30,14,"Mgr.","RADKO","MARTÍNEK","","Mgr. RADKO MARTÍNEK",64,FALSE,TRUE,"býv. hejtman Pard.kraje a senátor, středošk. prof.",578444,"Moravská Třebová",7,1468,"3PK - PRO PROSPERUJÍCÍ PARDUBICKÝ KRAJ","3PK-PRO PROSPERUJÍCÍ PARD. KR.","ČSSD+SPROK","007,1228",1837,7.48,"A",3,0
5,42,3,"Mgr.","JAN","PAPAREGA","","Mgr. JAN PAPAREGA",39,FALSE,TRUE,"primátor Statutárního města Most",567027,"Most",1175,1478,"LEPŠÍ SEVER","KOALICE UFO, PROMOST","UFO+PROMOST","1012,1175",1821,15.23,"A",1,0
2,53,4,"Ing.","JAN","BARTOŠEK","","Ing. JAN BARTOŠEK",48,FALSE,TRUE,"poslanec",546127,"Dačice",1,1058,"TOP 09 A KDU-ČSL - SPOLEČNĚ PRO JIŽNÍ ČECHY","TOP 09 A KDU-ČSL - SPOL.PRO JČ","KDU-ČSL+TOP 09","001,721",1800,8.65,"A",2,0
11,64,13,"RNDr.","JITKA","SEITLOVÁ","","RNDr. JITKA SEITLOVÁ",66,TRUE,TRUE,"senátorka PČR, krajská zastupitelka",514705,"Lipník nad Bečvou",1,1450,"SPOJENCI - KOALICE PRO OLOMOUCKÝ KRAJ (KDU-ČSL, TOP 09, STRANA ZELENÝCH, PROOLOMOUC)","SPOJENCI PRO OLOMOUCKÝ KRAJ","KDU+Z+TOP+PROOL","001,005,721,1039",1792,5.19,"A",4,0
3,58,2,"Ing.","PAVEL","ČÍŽEK","","Ing. PAVEL ČÍŽEK",56,FALSE,TRUE,"náměstek hejtmana pro obl. dopr., místostar. města",558362,"Spálené Poříčí",166,1475,"STAROSTOVÉ (STAN) S JOSEFEM BERNARDEM A PODPOROU ZELENÝCH, PRO PLZEŇ A IDEALISTŮ","STAN,ZELENÍ,PRO PLZEŇ","STAN+Z+PROPLZEŇ","005,166,1014",1753,6.77,"A",2,0
1,48,2,"JUDr.","PAVEL","TELIČKA","","JUDr. PAVEL TELIČKA",55,FALSE,TRUE,"předseda hnutí HLAS, podnikatel",533378,"Jevany",1220,1470,"SPOJENCI PRO STŘEDOČESKÝ KRAJ - TOP 09, HLAS, ZELENÍ","SPOJENCI - TOP09, HLAS, ZELENÍ","TOP+HLAS+ZELENÍ","005,721,1220",1747,7.08,"A",1,0
5,77,1,"Mgr.","JIŘÍ","ŘEHÁK","","Mgr. JIŘÍ ŘEHÁK",52,FALSE,TRUE,"středoškolský učitel, regionální historik",567442,"Teplice",1126,1456,"SPOJENCI PRO KRAJ","JSMEPRO,LES,SNKED,ZELENÍ,TOP09","JP+LES+ED+Z+TOP","005,129,721,795,1126",1737,14.21,"A",1,0
12,45,5,"MUDr.","RICHARD","KREML","","MUDr. RICHARD KREML",49,FALSE,TRUE,"lékař - ortoped, zastupitel města Kroměříže",588296,"Kroměříž",7,7,"ČESKÁ STRANA SOCIÁLNĚ DEMOKRATICKÁ","ČESKÁ STR.SOCIÁLNĚ DEMOKRAT.","ČSSD","007",1719,10.58,"A",3,0
10,45,25,"prof. MUDr.","JAN","ŽALOUDÍK","CSc.","prof. MUDr. JAN ŽALOUDÍK CSc.",66,FALSE,TRUE,"lékař",593125,"Ježkovice",7,7,"ČESKÁ STRANA SOCIÁLNĚ DEMOKRATICKÁ","ČESKÁ STR.SOCIÁLNĚ DEMOKRAT.","ČSSD","007",1705,8.28,"A",1,0
4,62,3,"Mgr.","ANTONÍN","JALOVEC","","Mgr. ANTONÍN JALOVEC",48,FALSE,TRUE,"starosta Chebu",554481,"Cheb",166,659,"STAN - STAROSTOVÉ A NEZÁVISLÍ SPOLEČNĚ S KOA, VPM CHEB A TOP 09","KOALICE STAN, TOP 09","TOP+STAN","166,721",1656,14.15,"A",1,0
8,11,1,"","MICHAL","KORTYŠ","","MICHAL KORTYŠ",58,FALSE,FALSE,"senátor a náměstek hejtmana Pardubického kraje",578347,"Litomyšl",53,687,"ODS A TOP 09","ODS A TOP 09","ODS+TOP 09","053,721",1620,6.91,"A",1,0
9,27,1,"Ing.","LUKÁŠ","VLČEK","","Ing. LUKÁŠ VLČEK",38,FALSE,TRUE,"starosta města, kraj. zastupitel, před. mikroreg.",548511,"Pacov",166,1152,"STAROSTOVÉ PRO VYSOČINU","STAROSTOVÉ PRO VYSOČINU","STAN+SNK ED","129,166",1619,9.33,"A",1,0
5,7,2,"MUDr.","ALENA","DERNEROVÁ","","MUDr. ALENA DERNEROVÁ",62,TRUE,TRUE,"dětská lékařka a senátorka za obvod Most",567027,"Most",166,166,"STAROSTOVÉ A NEZÁVISLÍ","STAROSTOVÉ A NEZÁVISLÍ","STAN","166",1588,7.1,"A",2,0
13,63,1,"JUDr.","JOSEF","BABKA","","JUDr. JOSEF BABKA",64,FALSE,TRUE,"právník, předseda Krajského výboru KSČM",4,"Ostrava",47,47,"KOMUNISTICKÁ STRANA ČECH A MORAVY","KOMUNISTICKÁ STR.ČECH A MORAVY","KSČM","047",1583,8.52,"A",1,0
1,48,1,"","JAN","JAKOB","","JAN JAKOB",37,FALSE,FALSE,"starosta Roztok, místopředseda TOP 09",539627,"Roztoky",721,1470,"SPOJENCI PRO STŘEDOČESKÝ KRAJ - TOP 09, HLAS, ZELENÍ","SPOJENCI - TOP09, HLAS, ZELENÍ","TOP+HLAS+ZELENÍ","005,721,1220",1540,6.24,"A",2,0
7,4,25,"","JAN","BIRKE","","JAN BIRKE",51,FALSE,FALSE,"starosta Náchoda, poslanec Parlamentu ČR",573868,"Náchod",7,227,"SPOLU PRO KRAJ - OSOBNOSTI KRAJE, ČSSD A ZELENÍ","KOALICE ČSSD, ZELENÍ","ČSSD + ZELENÍ","005,007",1538,9.77,"A",2,0
13,45,2,"Ing.","JAN","WOLF","","Ing. JAN WOLF",52,FALSE,TRUE,"primátor města Karviná",598917,"Karviná",7,7,"ČESKÁ STRANA SOCIÁLNĚ DEMOKRATICKÁ","ČESKÁ STR.SOCIÁLNĚ DEMOKRAT.","ČSSD","007",1493,6.8,"A",2,0
10,44,3,"Mgr.","TOMÁŠ","TŘETINA","","Mgr. TOMÁŠ TŘETINA",48,FALSE,TRUE,"starosta Moravského Krumlova",594482,"Moravský Krumlov",721,1467,"SPOLU PRO MORAVU","SPOLU PRO MORAVU","TOP+Z+LES+MZH+I","005,721,795,1190,1233",1485,6.17,"A",4,0
8,11,4,"PharmDr.","JIŘÍ","SKALICKÝ","Ph.D.","PharmDr. JIŘÍ SKALICKÝ Ph.D.",66,FALSE,TRUE,"primář Pardubické nemocnice, zastupitel města",6,"Pardubice",721,687,"ODS A TOP 09","ODS A TOP 09","ODS+TOP 09","053,721",1472,6.28,"A",2,0
2,53,2,"Mgr.","PAVEL","KLÍMA","","Mgr. PAVEL KLÍMA",49,FALSE,TRUE,"ředitel školy",552666,"Malšice",721,1058,"TOP 09 A KDU-ČSL - SPOLEČNĚ PRO JIŽNÍ ČECHY","TOP 09 A KDU-ČSL - SPOL.PRO JČ","KDU-ČSL+TOP 09","001,721",1465,7.04,"A",3,0
2,53,5,"Mgr.","ŠIMON","HELLER","","Mgr. ŠIMON HELLER",32,FALSE,TRUE,"učitel na gymnáziu",544256,"České Budějovice",1,1058,"TOP 09 A KDU-ČSL - SPOLEČNĚ PRO JIŽNÍ ČECHY","TOP 09 A KDU-ČSL - SPOL.PRO JČ","KDU-ČSL+TOP 09","001,721",1450,6.97,"A",4,0
12,7,3,"MUDr.","MIROSLAV","ADÁMEK","","MUDr. MIROSLAV ADÁMEK",57,FALSE,TRUE,"náměstek primátora města Zlín, lékař",585068,"Zlín",166,166,"STAROSTOVÉ A NEZÁVISLÍ","STAROSTOVÉ A NEZÁVISLÍ","STAN","166",1442,5.91,"A",2,0
11,16,1,"Ing.","RADIM","FIALA","","Ing. RADIM FIALA",51,FALSE,TRUE,"poslanec PS PČR",589250,"Prostějov",1114,1114,"SVOBODA A PŘÍMÁ DEMOKRACIE (SPD)","SVOBODA A PŘ. DEMOKRACIE (SPD)","SPD","1114",1435,9.75,"A",1,0
12,6,1,"MUDr.","JAROMÍR","BERNÁTEK","","MUDr. JAROMÍR BERNÁTEK",52,FALSE,TRUE,"lékař, primář, předseda okr.sdružení ČLK Zlín",549401,"Pozlovice",1227,1458,"TRIKOLORA - SOUKROMNÍCI - NEZÁVISLÍ","TRIKOLÓRA, SOUKROMNÍCI, NEZ","TRIKOL+SOUK+NEZ","088,716,1227",1410,12.25,"A",1,0
11,33,1,"Mgr.","DALIBOR","HORÁK","","Mgr. DALIBOR HORÁK",55,FALSE,TRUE,"náměstek hejtmana Olomouckého kraje",505587,"Uničov",53,53,"OBČANSKÁ DEMOKRATICKÁ STRANA","OBČANSKÁ DEMOKRATICKÁ STRANA","ODS","053",1408,7.24,"A",1,0
12,19,1,"Bc.","HANA","ANČINCOVÁ","","Bc. HANA ANČINCOVÁ",31,TRUE,TRUE,"finanční analytička, členka Kontrol. výboru města",588296,"Kroměříž",720,720,"ČESKÁ PIRÁTSKÁ STRANA","ČESKÁ PIRÁTSKÁ STRANA","PIRÁTI","720",1406,5.51,"A",1,0
8,17,2,"Mgr. Bc.","DAVID","ŠIMEK","MBA","Mgr. Bc. DAVID ŠIMEK MBA",43,FALSE,TRUE,"starosta města Svitavy, krajský zastupitel",577731,"Svitavy",181,344,"KOALICE PRO PARDUBICKÝ KRAJ","KOALICE PRO PARDUBICKÝ KRAJ","KDU+SNKED+NESTR","001,129,181",1406,6.31,"A",3,0
12,45,7,"PaedDr.","ALENA","GAJDŮŠKOVÁ","","PaedDr. ALENA GAJDŮŠKOVÁ",66,TRUE,TRUE,"poslankyně, viceprezidentka Svazu pacientů ČR",500011,"Želechovice nad Dřevnicí",7,7,"ČESKÁ STRANA SOCIÁLNĚ DEMOKRATICKÁ","ČESKÁ STR.SOCIÁLNĚ DEMOKRAT.","ČSSD","007",1395,8.59,"A",4,0
8,30,2,"","MIROSLAV","KRČIL","DiS.","MIROSLAV KRČIL DiS.",45,FALSE,TRUE,"starosta města Hlinsko",571393,"Hlinsko",1228,1468,"3PK - PRO PROSPERUJÍCÍ PARDUBICKÝ KRAJ","3PK-PRO PROSPERUJÍCÍ PARD. KR.","ČSSD+SPROK","007,1228",1393,5.67,"A",4,0
10,45,1,"Mgr.","MAREK","ŠLAPAL","","Mgr. MAREK ŠLAPAL",44,FALSE,TRUE,"náměstek hejtmana, pedagog",3,"Brno",7,7,"ČESKÁ STRANA SOCIÁLNĚ DEMOKRATICKÁ","ČESKÁ STR.SOCIÁLNĚ DEMOKRAT.","ČSSD","007",1378,6.69,"A",2,0
10,45,2,"Bc.","ROMAN","HANÁK","","Bc. ROMAN HANÁK",36,FALSE,TRUE,"náměstek hejtmana, starosta obce Kobeřice u Brna",593141,"Kobeřice u Brna",7,7,"ČESKÁ STRANA SOCIÁLNĚ DEMOKRATICKÁ","ČESKÁ STR.SOCIÁLNĚ DEMOKRAT.","ČSSD","007",1358,6.59,"A",3,0
7,47,6,"MUDr.","ZDENĚK","FINK","","MUDr. ZDENĚK FINK",65,FALSE,TRUE,"lékař",569810,"Hradec Králové",1049,1464,"SPOJENCI PRO KRÁLOVÉHRADECKÝ KRAJ","KOALICE TOP 09, HDK, LES","TOP 09+HDK+LES","721,795,1049",1340,9.64,"A",1,0
5,7,14,"","PAVEL","SVOBODA","","PAVEL SVOBODA",45,FALSE,FALSE,"starosta obce Lipová - Vesnice roku 2019, předseda",562661,"Lipová",166,166,"STAROSTOVÉ A NEZÁVISLÍ","STAROSTOVÉ A NEZÁVISLÍ","STAN","166",1333,5.96,"A",3,0
10,45,18,"JUDr.","MICHAL","HAŠEK","","JUDr. MICHAL HAŠEK",44,FALSE,TRUE,"právník, emeritní hejtman JMK",3,"Brno",7,7,"ČESKÁ STRANA SOCIÁLNĚ DEMOKRATICKÁ","ČESKÁ STR.SOCIÁLNĚ DEMOKRAT.","ČSSD","007",1327,6.44,"A",4,0
2,80,3,"Ing.","JIŘÍ","FIŠER","","Ing. JIŘÍ FIŠER",67,FALSE,TRUE,"projektant - vodohospodář, býv. starosta Tábora",552046,"Tábor",766,766,"JIHOČEŠI 2012","JIHOČEŠI 2012","JIH 12","766",1321,10.15,"A",1,0
2,19,1,"MUDr.","LUKÁŠ","MAREŠ","","MUDr. LUKÁŠ MAREŠ",31,FALSE,TRUE,"lékař na radiologickém oddělení, zastupitel",544256,"České Budějovice",720,720,"ČESKÁ PIRÁTSKÁ STRANA","ČESKÁ PIRÁTSKÁ STRANA","PIRÁTI","720",1318,5.15,"A",1,0
4,50,4,"","JOSEF","VÁŇA","","JOSEF VÁŇA",67,FALSE,FALSE,"žokej, krajský radní pro sport",555207,"Chyše",768,768,"ANO 2011","ANO 2011","ANO","768",1316,6.65,"A",3,0
8,17,3,"","RENÉ","ŽIVNÝ","","RENÉ ŽIVNÝ",46,FALSE,FALSE,"člen Rady Pard. kraje, předseda TJ Sokol Semín",6,"Pardubice",129,344,"KOALICE PRO PARDUBICKÝ KRAJ","KOALICE PRO PARDUBICKÝ KRAJ","KDU+SNKED+NESTR","001,129,181",1316,5.9,"A",4,0
1,48,3,"Ing.","JANA","KRUMPHOLCOVÁ","MSc.","Ing. JANA KRUMPHOLCOVÁ MSc.",40,TRUE,TRUE,"krajinná inženýrka, pedagožka, mpř. stř. Zelených",535419,"Mladá Boleslav",5,1470,"SPOJENCI PRO STŘEDOČESKÝ KRAJ - TOP 09, HLAS, ZELENÍ","SPOJENCI - TOP09, HLAS, ZELENÍ","TOP+HLAS+ZELENÍ","005,721,1220",1282,5.2,"A",3,0
8,17,10,"Mgr.","PETR","ŘEZNÍČEK","","Mgr. PETR ŘEZNÍČEK",69,FALSE,TRUE,"bývalý starosta města Chrudim, krajský zastupitel",571164,"Chrudim",129,344,"KOALICE PRO PARDUBICKÝ KRAJ","KOALICE PRO PARDUBICKÝ KRAJ","KDU+SNKED+NESTR","001,129,181",1282,5.75,"A",5,0
10,44,33,"Mgr.","BARBORA","ANTONOVÁ","","Mgr. BARBORA ANTONOVÁ",52,TRUE,TRUE,"učitelka, překladatelka",3,"Brno",721,1467,"SPOLU PRO MORAVU","SPOLU PRO MORAVU","TOP+Z+LES+MZH+I","005,721,795,1190,1233",1256,5.22,"A",5,0
5,7,4,"","YVETA","TOMKOVÁ","","YVETA TOMKOVÁ",46,TRUE,FALSE,"starostka městského obv. Ústí nad Labem-Neštěmice",554804,"Ústí nad Labem",166,166,"STAROSTOVÉ A NEZÁVISLÍ","STAROSTOVÉ A NEZÁVISLÍ","STAN","166",1233,5.51,"A",4,0
7,47,2,"Mgr. et Mgr.","PAVLÍNA","SPRINGEROVÁ","Ph.D.","Mgr. et Mgr. PAVLÍNA SPRINGEROVÁ Ph.D.",43,TRUE,TRUE,"prorektorka Univerzity Hradec Králové",569810,"Hradec Králové",1049,1464,"SPOJENCI PRO KRÁLOVÉHRADECKÝ KRAJ","KOALICE TOP 09, HDK, LES","TOP 09+HDK+LES","721,795,1049",1231,8.86,"A",2,0
5,63,3,"","JAROSLAV","KOMÍNEK","","JAROSLAV KOMÍNEK",45,FALSE,FALSE,"náměstek hejtmana Ústeckého kraje",562971,"Chomutov",47,47,"KOMUNISTICKÁ STRANA ČECH A MORAVY","KOMUNISTICKÁ STR.ČECH A MORAVY","KSČM","047",1226,9.79,"A",1,0
4,62,1,"Ing.","PETR","KULHÁNEK","","Ing. PETR KULHÁNEK",49,FALSE,TRUE,"personalista, krajský zastupitel",554961,"Karlovy Vary",166,659,"STAN - STAROSTOVÉ A NEZÁVISLÍ SPOLEČNĚ S KOA, VPM CHEB A TOP 09","KOALICE STAN, TOP 09","TOP+STAN","166,721",1223,10.45,"A",2,0
8,17,8,"","RADOMIL","KAŠPAR","","RADOMIL KAŠPAR",55,FALSE,FALSE,"místostarosta města Litomyšl, krajský zastupitel",578347,"Litomyšl",1,344,"KOALICE PRO PARDUBICKÝ KRAJ","KOALICE PRO PARDUBICKÝ KRAJ","KDU+SNKED+NESTR","001,129,181",1210,5.43,"A",6,0
6,33,1,"Ing.","DAN","RAMZER","","Ing. DAN RAMZER",51,FALSE,TRUE,"starosta města Frýdlant, zastupitel Liber. kraje",564028,"Frýdlant",53,53,"OBČANSKÁ DEMOKRATICKÁ STRANA","OBČANSKÁ DEMOKRATICKÁ STRANA","ODS","053",1196,10.02,"A",1,0
7,32,5,"prof. MUDr.","JAN","ČÁP","CSc.","prof. MUDr. JAN ČÁP CSc.",67,FALSE,TRUE,"lékař, vysokoškolský učitel",569810,"Hradec Králové",1,1455,"KOALICE PRO KRÁLOVÉHRADECKÝ KRAJ - KDU-ČSL - VPM - NESTRANÍCI","KOALICE KDU-ČSL, VPM, NESTRAN.","KDU+VPM+NESTR.","001,113,181",1193,8.09,"A",2,0
2,53,8,"PhDr. Mgr.","ROBERT","HUNEŠ","","PhDr. Mgr. ROBERT HUNEŠ",51,FALSE,TRUE,"ředitel hospice",551953,"Vodňany",1,1058,"TOP 09 A KDU-ČSL - SPOLEČNĚ PRO JIŽNÍ ČECHY","TOP 09 A KDU-ČSL - SPOL.PRO JČ","KDU-ČSL+TOP 09","001,721",1161,5.58,"A",5,0
13,45,3,"RNDr.","MICHAL","POBUCKÝ","DiS.","RNDr. MICHAL POBUCKÝ DiS.",38,FALSE,TRUE,"primátor města Frýdek-Místek",598003,"Frýdek-Místek",7,7,"ČESKÁ STRANA SOCIÁLNĚ DEMOKRATICKÁ","ČESKÁ STR.SOCIÁLNĚ DEMOKRAT.","ČSSD","007",1149,5.24,"A",3,0
7,32,10,"Ing.","ANNA","MACLOVÁ","","Ing. ANNA MACLOVÁ",60,TRUE,TRUE,"ekonomka, ředitelka Diecézní katolické charity HK",569810,"Hradec Králové",1,1455,"KOALICE PRO KRÁLOVÉHRADECKÝ KRAJ - KDU-ČSL - VPM - NESTRANÍCI","KOALICE KDU-ČSL, VPM, NESTRAN.","KDU+VPM+NESTR.","001,113,181",1149,7.79,"A",3,0
11,33,4,"","MICHAL","ZÁCHA","DiS.","MICHAL ZÁCHA DiS.",42,FALSE,TRUE,"náměstek primátora města Přerova",511382,"Přerov",53,53,"OBČANSKÁ DEMOKRATICKÁ STRANA","OBČANSKÁ DEMOKRATICKÁ STRANA","ODS","053",1144,5.89,"A",2,0
9,46,12,"Mgr.","EVA","DECROIX","MBA","Mgr. EVA DECROIX MBA",38,FALSE,TRUE,"advokátka, zapsaná mediátorka, podnikatelka",586846,"Jihlava",53,1447,"ODS A STAROSTOVÉ PRO OBČANY","ODS A STAROSTOVÉ PRO OBČANY","ODS+STO","053,779",1143,5.43,"A",3,0
9,45,2,"Ing.","VLADIMÍR","NOVOTNÝ","","Ing. VLADIMÍR NOVOTNÝ",54,FALSE,TRUE,"náměstek hejtmana",595209,"Žďár nad Sázavou",7,7,"ČESKÁ STRANA SOCIÁLNĚ DEMOKRATICKÁ","ČESKÁ STR.SOCIÁLNĚ DEMOKRAT.","ČSSD","007",1133,5.98,"A",2,0
11,33,2,"MUDr.","IVO","MAREŠ","MBA","MUDr. IVO MAREŠ MBA",56,FALSE,TRUE,"lékař zdrav. záchr. služby, člen Rady Olom. kraje",500496,"Olomouc",53,53,"OBČANSKÁ DEMOKRATICKÁ STRANA","OBČANSKÁ DEMOKRATICKÁ STRANA","ODS","053",1112,5.72,"A",3,0
4,49,1,"","PATRIK","PIZINGER","","PATRIK PIZINGER",45,FALSE,FALSE,"starosta",560383,"Chodov",112,112,"MÍSTNÍ HNUTÍ NEZÁVISLÝCH ZA HARMONICKÝ ROZVOJ OBCÍ A MĚST","MÍSTNÍ HNUTÍ ZA HARM. ROZVOJ","HNHRM","112",1111,19.07,"A",1,0
2,80,1,"","PAVEL","HROCH","","PAVEL HROCH",57,FALSE,FALSE,"náměstek hejtmanky, starosta obce",549517,"Kovářov",766,766,"JIHOČEŠI 2012","JIHOČEŠI 2012","JIH 12","766",1090,8.37,"A",2,0
4,62,7,"prof. Dr. Ing.","MIROSLAV","PLEVNÝ","","prof. Dr. Ing. MIROSLAV PLEVNÝ",54,FALSE,TRUE,"místostarosta Chebu, vysokoškolský učitel",554481,"Cheb",166,659,"STAN - STAROSTOVÉ A NEZÁVISLÍ SPOLEČNĚ S KOA, VPM CHEB A TOP 09","KOALICE STAN, TOP 09","TOP+STAN","166,721",1089,9.3,"A",3,0
3,45,1,"","IVO","GRŰNER","","IVO GRŰNER",50,FALSE,FALSE,"náměstek hejtmana Plzeňského kraje",559695,"Žihle",7,7,"ČESKÁ STRANA SOCIÁLNĚ DEMOKRATICKÁ","ČESKÁ STR.SOCIÁLNĚ DEMOKRAT.","ČSSD","007",1087,10.68,"A",1,0
12,33,9,"Ing.","STANISLAV","BLAHA","","Ing. STANISLAV BLAHA",50,FALSE,TRUE,"starosta města Uh.Hradiště, poslanec Parlamentu ČR",592005,"Uherské Hradiště",53,53,"OBČANSKÁ DEMOKRATICKÁ STRANA","OBČANSKÁ DEMOKRATICKÁ STRANA","ODS","053",1085,5.62,"A",1,0
9,27,3,"Mgr.","PAVEL","PACAL","","Mgr. PAVEL PACAL",46,FALSE,TRUE,"starosta města, náměstek hejtmana Kraje Vysočina",590266,"Třebíč",166,1152,"STAROSTOVÉ PRO VYSOČINU","STAROSTOVÉ PRO VYSOČINU","STAN+SNK ED","129,166",1074,6.19,"A",2,0
11,33,5,"Ing. Bc.","MILADA","SOKOLOVÁ","","Ing. Bc. MILADA SOKOLOVÁ",46,TRUE,TRUE,"náměstkyně primátora města Prostějova",589250,"Prostějov",53,53,"OBČANSKÁ DEMOKRATICKÁ STRANA","OBČANSKÁ DEMOKRATICKÁ STRANA","ODS","053",1070,5.5,"A",4,0
7,47,12,"JUDr.","JAN","HOLÁSEK","LL.M.","JUDr. JAN HOLÁSEK LL.M.",47,FALSE,TRUE,"právník, zastupitel města Hradec Králové",569810,"Hradec Králové",1049,1464,"SPOJENCI PRO KRÁLOVÉHRADECKÝ KRAJ","KOALICE TOP 09, HDK, LES","TOP 09+HDK+LES","721,795,1049",1057,7.6,"A",3,0
5,42,1,"PhDr.","MARTIN","KLIKA","MBA, DBA","PhDr. MARTIN KLIKA MBA, DBA",50,FALSE,TRUE,"1. náměstek hejtmana ÚK, zastupitel města Litvínov",567256,"Litvínov",1012,1478,"LEPŠÍ SEVER","KOALICE UFO, PROMOST","UFO+PROMOST","1012,1175",1049,8.77,"A",2,0
7,4,3,"Bc.","PAVEL","HEČKO","","Bc. PAVEL HEČKO",53,FALSE,TRUE,"starosta Meziměstí, radní kraje",574252,"Meziměstí",7,227,"SPOLU PRO KRAJ - OSOBNOSTI KRAJE, ČSSD A ZELENÍ","KOALICE ČSSD, ZELENÍ","ČSSD + ZELENÍ","005,007",1030,6.54,"A",3,0
9,12,6,"Ing.","JOSEF","KLEMENT","","Ing. JOSEF KLEMENT",49,FALSE,TRUE,"místostarosta města",595209,"Žďár nad Sázavou",1,1,"KDU-ČSL","KDU-ČSL","KDU-ČSL","001",1017,5.32,"A",2,0
5,77,2,"JUDr.","KAROLÍNA","ŽÁKOVSKÁ","Ph.D.","JUDr. KAROLÍNA ŽÁKOVSKÁ Ph.D.",44,TRUE,TRUE,"právnička, vysokoškolská pedagožka,zastup.města",554804,"Ústí nad Labem",5,1456,"SPOJENCI PRO KRAJ","JSMEPRO,LES,SNKED,ZELENÍ,TOP09","JP+LES+ED+Z+TOP","005,129,721,795,1126",981,8.02,"A",2,0
8,7,1,"Ing.","MICHAELA","MATOUŠKOVÁ","MPA","Ing. MICHAELA MATOUŠKOVÁ MPA",41,TRUE,TRUE,"starostka, ekonomka",575607,"Řečany nad Labem",166,166,"STAROSTOVÉ A NEZÁVISLÍ","STAROSTOVÉ A NEZÁVISLÍ","STAN","166",959,7.3,"A",1,0
7,32,7,"Ing.","MIROSLAV","UCHYTIL","","Ing. MIROSLAV UCHYTIL",62,FALSE,TRUE,"starosta města Chlumec nad Cidlinou",570109,"Chlumec nad Cidlinou",1,1455,"KOALICE PRO KRÁLOVÉHRADECKÝ KRAJ - KDU-ČSL - VPM - NESTRANÍCI","KOALICE KDU-ČSL, VPM, NESTRAN.","KDU+VPM+NESTR.","001,113,181",952,6.45,"A",4,0
7,4,9,"brig. gen. Ing.","FRANTIŠEK","MENCL","","brig. gen. Ing. FRANTIŠEK MENCL",65,FALSE,TRUE,"ředitel Hasičského záchranného sboru KHK",569810,"Hradec Králové",7,227,"SPOLU PRO KRAJ - OSOBNOSTI KRAJE, ČSSD A ZELENÍ","KOALICE ČSSD, ZELENÍ","ČSSD + ZELENÍ","005,007",932,5.92,"A",4,0
7,47,11,"Mgr.","JAN","GRULICH","","Mgr. JAN GRULICH",45,FALSE,TRUE,"ředitel ZŠ a MŠ Trivium Plus o. p. s. v Dobřanech",576743,"Sedloňov",721,1464,"SPOJENCI PRO KRÁLOVÉHRADECKÝ KRAJ","KOALICE TOP 09, HDK, LES","TOP 09+HDK+LES","721,795,1049",931,6.7,"A",4,0
4,62,9,"Ing.","MIROSLAV","BALATKA","","Ing. MIROSLAV BALATKA",50,FALSE,TRUE,"senátor, geodet, muzikant a patriot",560286,"Sokolov",166,659,"STAN - STAROSTOVÉ A NEZÁVISLÍ SPOLEČNĚ S KOA, VPM CHEB A TOP 09","KOALICE STAN, TOP 09","TOP+STAN","166,721",921,7.87,"A",4,0
12,6,3,"PhDr. Mgr.","IVO","MITÁČEK","","PhDr. Mgr. IVO MITÁČEK",48,FALSE,TRUE,"bezpečnostní a mediální expert, zastup.města Zlín",585068,"Zlín",716,1458,"TRIKOLORA - SOUKROMNÍCI - NEZÁVISLÍ","TRIKOLÓRA, SOUKROMNÍCI, NEZ","TRIKOL+SOUK+NEZ","088,716,1227",898,7.8,"A",2,0
12,16,1,"MUDr.","VLADIMÍR","ZLÍNSKÝ","","MUDr. VLADIMÍR ZLÍNSKÝ",56,FALSE,TRUE,"lékař, zastupitel města Zlína",585068,"Zlín",1114,1114,"SVOBODA A PŘÍMÁ DEMOKRACIE (SPD)","SVOBODA A PŘ. DEMOKRACIE (SPD)","SPD","1114",864,7.43,"A",1,0
3,45,9,"","JAN","LÁTKA","","JAN LÁTKA",66,FALSE,FALSE,"předseda finančního výboru Zastupitelstva PK",553425,"Domažlice",7,7,"ČESKÁ STRANA SOCIÁLNĚ DEMOKRATICKÁ","ČESKÁ STR.SOCIÁLNĚ DEMOKRAT.","ČSSD","007",855,8.4,"A",2,0
4,16,1,"","KARLA","MAŘÍKOVÁ","","KARLA MAŘÍKOVÁ",39,TRUE,FALSE,"poslankyně",555428,"Ostrov",1114,1114,"SVOBODA A PŘÍMÁ DEMOKRACIE (SPD)","SVOBODA A PŘ. DEMOKRACIE (SPD)","SPD","1114",822,14.2,"A",1,0
3,63,1,"PhDr. Ing. Mgr. et Mgr.","JIŘÍ","VALENTA","DBA","PhDr. Ing. Mgr. et Mgr. JIŘÍ VALENTA DBA",54,FALSE,TRUE,"poslanec Parlamentu České republiky",2,"Plzeň",47,47,"KOMUNISTICKÁ STRANA ČECH A MORAVY","KOMUNISTICKÁ STR.ČECH A MORAVY","KSČM","047",821,8.62,"A",1,0
5,63,1,"","RADEK","ČERNÝ","","RADEK ČERNÝ",48,FALSE,FALSE,"mistr stavební výroby,do června 2020 starosta obce",565211,"Lovečkovice",47,47,"KOMUNISTICKÁ STRANA ČECH A MORAVY","KOMUNISTICKÁ STR.ČECH A MORAVY","KSČM","047",815,6.5,"A",2,0
12,6,43,"","IVO","VALENTA","","IVO VALENTA",64,FALSE,FALSE,"senátor, podnikatel, zastupitel Zlínského kraje",585068,"Zlín",716,1458,"TRIKOLORA - SOUKROMNÍCI - NEZÁVISLÍ","TRIKOLÓRA, SOUKROMNÍCI, NEZ","TRIKOL+SOUK+NEZ","088,716,1227",811,7.04,"A",3,0
2,80,15,"Ing.","ŠTĚPÁN","PAVLÍK","","Ing. ŠTĚPÁN PAVLÍK",49,FALSE,TRUE,"starosta města",552046,"Tábor",766,766,"JIHOČEŠI 2012","JIHOČEŠI 2012","JIH 12","766",792,6.08,"A",3,0
6,33,5,"MUDr.","VÍT","NĚMEČEK","MBA","MUDr. VÍT NĚMEČEK MBA",58,FALSE,TRUE,"ředitel Nemocnice Jablonec nad Nisou, p.o.",563510,"Jablonec nad Nisou",53,53,"OBČANSKÁ DEMOKRATICKÁ STRANA","OBČANSKÁ DEMOKRATICKÁ STRANA","ODS","053",792,6.63,"A",2,0
5,42,2,"Ing.","VĚRA","NECHYBOVÁ","","Ing. VĚRA NECHYBOVÁ",48,TRUE,TRUE,"1.náměstkyně primátora Statutárního města Ústí n.L",554804,"Ústí nad Labem",1012,1478,"LEPŠÍ SEVER","KOALICE UFO, PROMOST","UFO+PROMOST","1012,1175",790,6.6,"A",3,0
2,80,5,"Mgr. Ing.","MARTIN","DOLEŽAL","","Mgr. Ing. MARTIN DOLEŽAL",50,FALSE,TRUE,"starosta města",553069,"Sezimovo Ústí",766,766,"JIHOČEŠI 2012","JIHOČEŠI 2012","JIH 12","766",785,6.03,"A",4,0
2,7,1,"Bc.","JIŘÍ","ŠVEC","","Bc. JIŘÍ ŠVEC",44,FALSE,TRUE,"starosta města, krajský radní",544779,"Lišov",166,166,"STAROSTOVÉ A NEZÁVISLÍ","STAROSTOVÉ A NEZÁVISLÍ","STAN","166",773,5.26,"A",1,0
4,26,1,"MUDr.","JOSEF","MÄRZ","","MUDr. JOSEF MÄRZ",46,FALSE,TRUE,"lékař, předseda hnutí Karlovaráci, radní města KV",554961,"Karlovy Vary",1028,1451,"VOK - VOLBA PRO KRAJ S PODPOROU HNUTÍ KARLOVARÁCI","KOALICE VOK, KVC","KVC+VOK","1028,1118",773,14.87,"A",1,0
3,45,4,"doc. MUDr.","MILADA","EMMEROVÁ","CSc.","doc. MUDr. MILADA EMMEROVÁ CSc.",75,TRUE,TRUE,"lékařka ve FN Plzeň, docentka na LF UK v Plzni",2,"Plzeň",7,7,"ČESKÁ STRANA SOCIÁLNĚ DEMOKRATICKÁ","ČESKÁ STR.SOCIÁLNĚ DEMOKRAT.","ČSSD","007",753,7.4,"A",3,0
4,62,8,"Ing.","JAN","HORNÍK","","Ing. JAN HORNÍK",66,FALSE,TRUE,"senátor, starosta Božího Daru, krajský zastupitel",506486,"Boží Dar",166,659,"STAN - STAROSTOVÉ A NEZÁVISLÍ SPOLEČNĚ S KOA, VPM CHEB A TOP 09","KOALICE STAN, TOP 09","TOP+STAN","166,721",749,6.4,"A",5,0
6,33,6,"Ing.","PETR","BEITL","","Ing. PETR BEITL",53,FALSE,TRUE,"poslanec PS PČR",563510,"Jablonec nad Nisou",53,53,"OBČANSKÁ DEMOKRATICKÁ STRANA","OBČANSKÁ DEMOKRATICKÁ STRANA","ODS","053",748,6.26,"A",3,0
6,33,12,"RNDr.","JIŘÍ","ČEŘOVSKÝ","","RNDr. JIŘÍ ČEŘOVSKÝ",65,FALSE,TRUE,"primátor Statutárního města Jablonec nad Nisou",563510,"Jablonec nad Nisou",53,53,"OBČANSKÁ DEMOKRATICKÁ STRANA","OBČANSKÁ DEMOKRATICKÁ STRANA","ODS","053",735,6.15,"A",4,0
4,49,2,"Mgr.","DALIBOR","BLAŽEK","","Mgr. DALIBOR BLAŽEK",60,FALSE,TRUE,"starosta",554499,"Aš",112,112,"MÍSTNÍ HNUTÍ NEZÁVISLÝCH ZA HARMONICKÝ ROZVOJ OBCÍ A MĚST","MÍSTNÍ HNUTÍ ZA HARM. ROZVOJ","HNHRM","112",730,12.53,"A",2,0
5,42,10,"Ing.","MAREK","HRVOL","","Ing. MAREK HRVOL",32,FALSE,TRUE,"náměstek Statutárního města Most",567027,"Most",1175,1478,"LEPŠÍ SEVER","KOALICE UFO, PROMOST","UFO+PROMOST","1012,1175",707,5.91,"A",4,0
5,77,3,"Ing.","MICHAL","KUČERA","","Ing. MICHAL KUČERA",51,FALSE,TRUE,"báňský inženýr, ekonom a radní města",565971,"Louny",721,1456,"SPOJENCI PRO KRAJ","JSMEPRO,LES,SNKED,ZELENÍ,TOP09","JP+LES+ED+Z+TOP","005,129,721,795,1126",706,5.77,"A",3,0
8,7,2,"Mgr.","HANA","ŠTĚPÁNOVÁ","","Mgr. HANA ŠTĚPÁNOVÁ",61,TRUE,TRUE,"radní Pardubického kraje, pedagožka",578428,"Morašice",166,166,"STAROSTOVÉ A NEZÁVISLÍ","STAROSTOVÉ A NEZÁVISLÍ","STAN","166",697,5.3,"A",2,0
5,63,8,"Ing.","JAROMÍR","KOHLÍČEK","CSc.","Ing. JAROMÍR KOHLÍČEK CSc.",67,FALSE,TRUE,"osoba samostatně výdělečně činná",567442,"Teplice",47,47,"KOMUNISTICKÁ STRANA ČECH A MORAVY","KOMUNISTICKÁ STR.ČECH A MORAVY","KSČM","047",696,5.55,"A",3,0
12,16,3,"Ing.","RADEK","HENNER","","Ing. RADEK HENNER",57,FALSE,TRUE,"plukovník generálního štábu ve výslužbě",549720,"Přílepy",1114,1114,"SVOBODA A PŘÍMÁ DEMOKRACIE (SPD)","SVOBODA A PŘ. DEMOKRACIE (SPD)","SPD","1114",681,5.86,"A",2,0
4,62,6,"Mgr.","JIŘÍ","KLSÁK","","Mgr. JIŘÍ KLSÁK",66,FALSE,TRUE,"archeolog, historik, krajský zastupitel",554961,"Karlovy Vary",166,659,"STAN - STAROSTOVÉ A NEZÁVISLÍ SPOLEČNĚ S KOA, VPM CHEB A TOP 09","KOALICE STAN, TOP 09","TOP+STAN","166,721",671,5.73,"A",6,0
6,16,1,"Mgr.","MICHAL","ŠVARC","","Mgr. MICHAL ŠVARC",48,FALSE,TRUE,"zastupitel města Jablonce nad Nisou, zástupce řed.",563510,"Jablonec nad Nisou",1114,1114,"SVOBODA A PŘÍMÁ DEMOKRACIE (SPD)","SVOBODA A PŘ. DEMOKRACIE (SPD)","SPD","1114",656,7.74,"A",1,0
3,16,1,"Ing.","MARIE","POŠAROVÁ","","Ing. MARIE POŠAROVÁ",40,TRUE,TRUE,"finanční analytička, účetní",555771,"Klatovy",1114,1114,"SVOBODA A PŘÍMÁ DEMOKRACIE (SPD)","SVOBODA A PŘ. DEMOKRACIE (SPD)","SPD","1114",639,5.95,"A",1,0
3,63,2,"Ing. et Ing.","JAN","BOZDĚCH","Ph.D.","Ing. et Ing. JAN BOZDĚCH Ph.D.",34,FALSE,TRUE,"starosta městyse Klenčí pod Čerchovem",553794,"Klenčí pod Čerchovem",47,47,"KOMUNISTICKÁ STRANA ČECH A MORAVY","KOMUNISTICKÁ STR.ČECH A MORAVY","KSČM","047",623,6.54,"A",2,0
4,49,10,"","LUBOŠ","POKORNÝ","","LUBOŠ POKORNÝ",43,FALSE,FALSE,"starosta",538795,"Krásná",112,112,"MÍSTNÍ HNUTÍ NEZÁVISLÝCH ZA HARMONICKÝ ROZVOJ OBCÍ A MĚST","MÍSTNÍ HNUTÍ ZA HARM. ROZVOJ","HNHRM","112",605,10.38,"A",3,0
4,19,2,"Ing. arch.","VOJTĚCH","FRANTA","","Ing. arch. VOJTĚCH FRANTA",35,FALSE,TRUE,"krajský zastupitel pro oblast lázeňství a CR",554642,"Mariánské Lázně",720,720,"ČESKÁ PIRÁTSKÁ STRANA","ČESKÁ PIRÁTSKÁ STRANA","PIRÁTI","720",583,6.31,"A",1,0
4,26,6,"","VÁCLAV","SKUHRAVÝ","","VÁCLAV SKUHRAVÝ",41,FALSE,FALSE,"profesionální sportovec, radní města Karlovy Vary",554961,"Karlovy Vary",1028,1451,"VOK - VOLBA PRO KRAJ S PODPOROU HNUTÍ KARLOVARÁCI","KOALICE VOK, KVC","KVC+VOK","1028,1118",566,10.89,"A",2,0
4,19,3,"","MARKÉTA","MONSPORTOVÁ","","MARKÉTA MONSPORTOVÁ",48,TRUE,FALSE,"vedoucí cestovní kanceláře, manažerka",539279,"Velká Hleďsebe",720,720,"ČESKÁ PIRÁTSKÁ STRANA","ČESKÁ PIRÁTSKÁ STRANA","PIRÁTI","720",559,6.05,"A",2,0
4,61,1,"Ing.","KAREL","JAKOBEC","","Ing. KAREL JAKOBEC",56,FALSE,TRUE,"radní Karlovarského kraje",560286,"Sokolov",53,210,"KOALICE ODS A KDU-ČSL S PODPOROU SOUKROMNÍKŮ","KOALICE ODS+KDU-ČSL","KDU-ČSL+ODS","001,053",490,8.34,"A",1,0
4,26,7,"MUDr.","JIŘÍ","BRDLÍK","","MUDr. JIŘÍ BRDLÍK",63,FALSE,TRUE,"lékař, zastupitel města Karlovy Vary a KVK",554961,"Karlovy Vary",1028,1451,"VOK - VOLBA PRO KRAJ S PODPOROU HNUTÍ KARLOVARÁCI","KOALICE VOK, KVC","KVC+VOK","1028,1118",480,9.23,"A",3,0
4,39,4,"Ing.","VÍT","HROMÁDKO","","Ing. VÍT HROMÁDKO",43,FALSE,TRUE,"starosta obce",538159,"Hájek",1129,1129,"SDRUŽENÍ NEZÁVISLÝCH KANDIDÁTŮ 1 - STAROSTOVÉ NAŠEHO KRAJE","SNK1 - STAROSTOVÉ NAŠEHO KRAJE","SNK1","1129",476,10.93,"A",1,0
9,63,2,"","MAREK","NEVORAL","","MAREK NEVORAL",44,FALSE,FALSE,"předseda okresního výboru KSČM",591904,"Vladislav",47,47,"KOMUNISTICKÁ STRANA ČECH A MORAVY","KOMUNISTICKÁ STR.ČECH A MORAVY","KSČM","047",461,5.49,"A",1,0
9,63,7,"","JOSEF","ZAHRADNÍČEK","","JOSEF ZAHRADNÍČEK",63,FALSE,FALSE,"politik",591769,"Studenec",47,47,"KOMUNISTICKÁ STRANA ČECH A MORAVY","KOMUNISTICKÁ STR.ČECH A MORAVY","KSČM","047",455,5.42,"A",2,0
4,61,2,"Ing.","JAN","BUREŠ","","Ing. JAN BUREŠ",46,FALSE,TRUE,"radní Karlovarského kraje, starosta města Ostrov",555428,"Ostrov",53,210,"KOALICE ODS A KDU-ČSL S PODPOROU SOUKROMNÍKŮ","KOALICE ODS+KDU-ČSL","KDU-ČSL+ODS","001,053",448,7.63,"A",2,0
9,63,4,"","KAREL","DVOŘÁK","","KAREL DVOŘÁK",43,FALSE,FALSE,"předseda Okresního výboru KSČM Havlíčkův Brod",568759,"Chotěboř",47,47,"KOMUNISTICKÁ STRANA ČECH A MORAVY","KOMUNISTICKÁ STR.ČECH A MORAVY","KSČM","047",432,5.14,"A",3,0
4,39,3,"","EDUARD","FRISCH","","EDUARD FRISCH",57,FALSE,FALSE,"starosta obce, zkušební komisař zbraně a střelivo",555533,"Sadov",1129,1129,"SDRUŽENÍ NEZÁVISLÝCH KANDIDÁTŮ 1 - STAROSTOVÉ NAŠEHO KRAJE","SNK1 - STAROSTOVÉ NAŠEHO KRAJE","SNK1","1129",429,9.85,"A",2,0
4,49,5,"Bc.","PAVEL","ČEKAN","","Bc. PAVEL ČEKAN",59,FALSE,TRUE,"vedoucí pracovník",555428,"Ostrov",112,112,"MÍSTNÍ HNUTÍ NEZÁVISLÝCH ZA HARMONICKÝ ROZVOJ OBCÍ A MĚST","MÍSTNÍ HNUTÍ ZA HARM. ROZVOJ","HNHRM","112",400,6.86,"A",4,0
4,39,2,"Bc.","JITKA","POKORNÁ","","Bc. JITKA POKORNÁ",57,TRUE,TRUE,"starostka města",555398,"Nová Role",1129,1129,"SDRUŽENÍ NEZÁVISLÝCH KANDIDÁTŮ 1 - STAROSTOVÉ NAŠEHO KRAJE","SNK1 - STAROSTOVÉ NAŠEHO KRAJE","SNK1","1129",375,8.61,"A",3,0
4,61,3,"","OĽGA","HALÁKOVÁ","","OĽGA HALÁKOVÁ",72,TRUE,FALSE,"1. místostarostka města Bečov nad Teplou",554995,"Bečov nad Teplou",1,210,"KOALICE ODS A KDU-ČSL S PODPOROU SOUKROMNÍKŮ","KOALICE ODS+KDU-ČSL","KDU-ČSL+ODS","001,053",336,5.72,"A",3,0
4,61,10,"Ing.","MAREK","POLEDNÍČEK","","Ing. MAREK POLEDNÍČEK",54,FALSE,TRUE,"místostarosta města Ostrov",555428,"Ostrov",1,210,"KOALICE ODS A KDU-ČSL S PODPOROU SOUKROMNÍKŮ","KOALICE ODS+KDU-ČSL","KDU-ČSL+ODS","001,053",312,5.31,"A",4,0
